{
  "model_type": "pretrained_finetuned",
  "base_model": "microsoft/swin-tiny-patch4-window7-224",
  "base_model_name": "Swin Transformer",
  "hidden_dim": 768,
  "input_dim": 7,
  "output_dim": 11,
  "target_columns": [
    "rain",
    "heavy_rain",
    "snow",
    "cloud_cover_high",
    "wind_speed_high",
    "temperature_hot",
    "temperature_cold",
    "heat_wave",
    "cold_snap",
    "dust_event",
    "uncomfortable_index"
  ],
  "normalization_mean": [
    -22.74,
    -1.9379,
    183.29229,
    6.52233,
    2.1344209999999997,
    5.8184588,
    82.4697797
  ],
  "normalization_std": [
    49.29596739070975,
    101.7657434779765,
    105.30322691476252,
    3.442476062364054,
    22.270687852560208,
    3.0555065609179586,
    15.13141968987366
  ],
  "best_val_loss": 0.12775002165308483,
  "trainable_params": 759563
}