{
  "gnn": 0.446437677195938,
  "foundation": 0.5023384747533626,
  "xgboost": 0.013757829594109287,
  "random_forest": 0.0014582327260908511,
  "analog": 0.036007785730499176
}