{
  "gnn": 0.8370818862878405,
  "foundation": 0.08077207929047871,
  "xgboost": 0.0016049722538816083,
  "random_forest": 0.02431001275143051,
  "analog": 0.05623104941636874
}